path,events,duration_s,events_per_sec,file_size_kb,bytes_per_sec,mean_duration_us,p95_duration_us,software
freecad_bulk_export_r1.csv,21999,3.8711,5682.9,3749.8,991927.1,177.226,27.0,FreeCAD
freecad_bulk_export_r10.csv,21979,3.7906,5798.3,3856.3,1041767.0,174.383,27.0,FreeCAD
freecad_bulk_export_r11.csv,22033,3.7682,5847.2,3862.1,1049534.6,171.948,27.0,FreeCAD
freecad_bulk_export_r12.csv,22022,3.8002,5795.0,3861.7,1040563.0,173.803,28.0,FreeCAD
freecad_bulk_export_r13.csv,22033,3.7654,5851.5,3862.1,1050305.8,172.315,27.0,FreeCAD
freecad_bulk_export_r14.csv,22033,3.7919,5810.6,3863.3,1043281.4,173.331,26.0,FreeCAD
freecad_bulk_export_r15.csv,21996,3.758,5853.2,3856.3,1050801.7,172.328,26.0,FreeCAD
freecad_bulk_export_r16.csv,22033,5.0266,4383.3,3864.3,787212.0,232.222,47.0,FreeCAD
freecad_bulk_export_r17.csv,22021,5.6037,3929.7,3862.8,705877.5,258.666,55.0,FreeCAD
freecad_bulk_export_r18.csv,22022,5.1108,4308.9,3863.2,774035.6,236.542,48.0,FreeCAD
freecad_bulk_export_r19.csv,21979,6.0411,3638.3,3859.6,654219.0,276.933,57.0,FreeCAD
freecad_bulk_export_r2.csv,22033,3.8466,5727.9,3756.4,999968.5,176.775,27.0,FreeCAD
freecad_bulk_export_r20.csv,21970,5.8494,3755.9,3855.4,674918.1,273.43,54.0,FreeCAD
freecad_bulk_export_r3.csv,22046,3.7355,5901.8,3798.8,1041344.2,171.106,26.0,FreeCAD
freecad_bulk_export_r4.csv,22047,3.7658,5854.5,3802.4,1033956.6,172.428,27.0,FreeCAD
freecad_bulk_export_r5.csv,22021,3.8538,5714.1,3797.4,1009013.7,176.396,28.0,FreeCAD
freecad_bulk_export_r6.csv,22022,3.9676,5550.4,3796.1,979738.7,181.867,30.0,FreeCAD
freecad_bulk_export_r7.csv,21990,3.804,5780.8,3790.9,1020489.2,174.776,28.0,FreeCAD
freecad_bulk_export_r8.csv,22033,4.0053,5500.9,3799.6,971411.9,183.341,30.0,FreeCAD
freecad_bulk_export_r9.csv,22044,3.7483,5881.1,3842.9,1049844.8,172.445,28.0,FreeCAD
freecad_normal_r1.csv,22106,11.7912,1874.8,3770.7,327469.3,606.594,31.0,FreeCAD
freecad_normal_r10.csv,22081,3.9454,5596.6,3873.9,1005454.5,180.403,29.0,FreeCAD
freecad_normal_r11.csv,22095,3.7831,5840.4,3876.7,1049326.9,172.178,27.0,FreeCAD
freecad_normal_r12.csv,22105,3.808,5804.8,3878.6,1042966.2,172.965,27.0,FreeCAD
freecad_normal_r13.csv,22081,3.7829,5837.1,3876.2,1049249.5,172.003,25.0,FreeCAD
freecad_normal_r14.csv,22080,3.8742,5699.2,3874.3,1024029.1,176.506,26.0,FreeCAD
freecad_normal_r15.csv,22106,4.3408,5092.7,3877.3,914659.2,197.564,35.0,FreeCAD
freecad_normal_r16.csv,22085,4.671,4728.1,3877.6,850080.0,214.525,34.0,FreeCAD
freecad_normal_r17.csv,22092,5.2607,4199.4,3880.2,755278.4,242.236,51.0,FreeCAD
freecad_normal_r18.csv,22095,5.0534,4372.3,3876.6,785524.7,232.517,47.0,FreeCAD
freecad_normal_r19.csv,22081,5.8182,3795.2,3877.3,682404.7,271.111,57.0,FreeCAD
freecad_normal_r2.csv,22081,3.8718,5703.1,3766.1,996055.3,176.023,27.0,FreeCAD
freecad_normal_r20.csv,22092,4.6502,4750.7,3877.0,853725.5,212.432,40.0,FreeCAD
freecad_normal_r3.csv,22073,3.804,5802.6,3805.7,1024470.6,173.414,27.0,FreeCAD
freecad_normal_r4.csv,22092,3.8973,5668.5,3811.1,1001354.8,177.195,28.0,FreeCAD
freecad_normal_r5.csv,22081,3.8613,5718.5,3805.4,1009169.2,175.783,28.0,FreeCAD
freecad_normal_r6.csv,22089,3.8385,5754.6,3809.5,1016264.6,174.713,27.0,FreeCAD
freecad_normal_r7.csv,22081,3.7724,5853.4,3809.8,1034164.3,171.809,26.0,FreeCAD
freecad_normal_r8.csv,22092,3.7652,5867.4,3812.5,1036876.7,171.299,26.0,FreeCAD
freecad_normal_r9.csv,22044,4.0272,5473.8,3803.9,967217.0,184.383,30.0,FreeCAD
freecad_project_scan_r1.csv,21648,3.8193,5668.0,3709.7,994611.0,177.911,28.0,FreeCAD
freecad_project_scan_r10.csv,21619,3.7435,5775.1,3809.3,1041997.4,174.151,26.0,FreeCAD
freecad_project_scan_r11.csv,21625,3.6969,5849.5,3810.2,1055382.5,172.472,27.0,FreeCAD
freecad_project_scan_r12.csv,21618,3.7011,5841.0,3808.6,1053765.8,172.899,26.0,FreeCAD
freecad_project_scan_r13.csv,21637,3.7107,5831.0,3812.8,1052174.6,172.567,26.0,FreeCAD
freecad_project_scan_r14.csv,21610,3.6377,5940.6,3807.6,1071836.3,169.269,25.0,FreeCAD
freecad_project_scan_r15.csv,21637,3.6678,5899.1,3812.4,1064371.6,170.994,26.0,FreeCAD
freecad_project_scan_r16.csv,21625,5.0347,4295.2,3812.3,775382.8,236.722,46.0,FreeCAD
freecad_project_scan_r17.csv,21637,4.9329,4386.3,3814.2,791779.4,230.042,47.0,FreeCAD
freecad_project_scan_r18.csv,21269,5.0988,4171.4,3750.7,753253.1,248.179,49.0,FreeCAD
freecad_project_scan_r19.csv,21637,4.5696,4735.0,3814.2,854708.4,213.793,43.0,FreeCAD
freecad_project_scan_r2.csv,21626,4.1378,5226.4,3706.4,917247.0,193.048,33.0,FreeCAD
freecad_project_scan_r20.csv,21492,3.8611,5566.3,3786.2,1004127.1,181.814,28.0,FreeCAD
freecad_project_scan_r3.csv,21626,3.6705,5891.9,3746.5,1045194.2,171.094,26.0,FreeCAD
freecad_project_scan_r4.csv,21637,3.7372,5789.7,3749.8,1027459.9,173.748,27.0,FreeCAD
freecad_project_scan_r5.csv,21651,3.8351,5645.5,3752.3,1001906.0,178.072,28.0,FreeCAD
freecad_project_scan_r6.csv,21651,3.7754,5734.8,3753.4,1018043.0,175.22,27.0,FreeCAD
freecad_project_scan_r7.csv,21625,3.742,5779.1,3747.3,1025472.8,174.359,27.0,FreeCAD
freecad_project_scan_r8.csv,21637,3.7082,5834.9,3750.4,1035637.2,172.486,27.0,FreeCAD
freecad_project_scan_r9.csv,21637,3.7709,5737.9,3791.2,1029502.7,176.041,28.0,FreeCAD
freecad_source_copy_r1.csv,23727,4.7351,5010.8,4063.2,878692.8,202.979,32.0,FreeCAD
freecad_source_copy_r10.csv,23727,3.9932,5941.8,4175.3,1070676.4,170.342,26.0,FreeCAD
freecad_source_copy_r11.csv,23727,3.9882,5949.4,4176.0,1072234.7,169.859,26.0,FreeCAD
freecad_source_copy_r12.csv,23727,3.9609,5990.2,4177.3,1079942.1,168.664,25.0,FreeCAD
freecad_source_copy_r13.csv,23720,3.9684,5977.3,4173.6,1076959.5,169.373,26.0,FreeCAD
freecad_source_copy_r14.csv,23694,3.9423,6010.2,4171.9,1083645.5,168.502,25.0,FreeCAD
freecad_source_copy_r15.csv,23727,4.4147,5374.6,4177.7,969034.4,189.203,32.0,FreeCAD
freecad_source_copy_r16.csv,23713,5.5645,4261.5,4176.2,768522.5,239.388,50.0,FreeCAD
freecad_source_copy_r17.csv,23711,5.6777,4176.2,4176.8,753303.6,245.483,54.0,FreeCAD
freecad_source_copy_r18.csv,23659,5.1233,4617.9,4167.6,832994.4,220.341,42.0,FreeCAD
freecad_source_copy_r19.csv,23713,4.779,4962.0,4176.4,894879.4,204.148,38.0,FreeCAD
freecad_source_copy_r2.csv,23702,4.0176,5899.5,4059.2,1034597.1,171.225,27.0,FreeCAD
freecad_source_copy_r20.csv,23488,4.4758,5247.8,4137.1,946511.9,195.448,33.0,FreeCAD
freecad_source_copy_r3.csv,23713,4.0408,5868.4,4105.1,1040296.5,172.023,27.0,FreeCAD
freecad_source_copy_r4.csv,23713,5.1003,4649.3,4107.6,824679.1,219.458,38.0,FreeCAD
freecad_source_copy_r5.csv,23713,4.0869,5802.2,4105.0,1028527.1,174.416,27.0,FreeCAD
freecad_source_copy_r6.csv,23713,4.0474,5858.8,4107.4,1039188.2,171.969,26.0,FreeCAD
freecad_source_copy_r7.csv,23713,4.2107,5631.6,4105.1,998303.9,177.713,29.0,FreeCAD
freecad_source_copy_r8.csv,23680,4.2857,5525.3,4099.5,979504.3,182.533,27.0,FreeCAD
freecad_source_copy_r9.csv,23727,4.0114,5914.9,4151.7,1059823.3,171.391,27.0,FreeCAD
kicad_bulk_export_r1.csv,170387,86.7357,1964.4,27024.8,319054.3,523.569,29.0,KiCad
kicad_bulk_export_r10.csv,169163,69.3394,2439.6,27656.9,408435.0,422.38,28.0,KiCad
kicad_bulk_export_r11.csv,169707,69.8741,2428.8,27748.8,406656.3,423.987,27.0,KiCad
kicad_bulk_export_r12.csv,170801,71.5791,2386.2,27915.4,399353.9,431.655,28.0,KiCad
kicad_bulk_export_r13.csv,170339,69.538,2449.6,27851.1,410128.6,420.486,27.0,KiCad
kicad_bulk_export_r14.csv,169633,69.9038,2426.7,27731.8,406235.0,424.362,27.0,KiCad
kicad_bulk_export_r15.csv,169433,75.1093,2255.8,27706.7,377738.2,457.485,29.0,KiCad
kicad_bulk_export_r16.csv,171437,123.2547,1390.9,28033.8,232905.1,740.013,51.0,KiCad
kicad_bulk_export_r17.csv,169418,108.8546,1556.4,27718.7,260751.1,662.256,49.0,KiCad
kicad_bulk_export_r18.csv,169388,114.6303,1477.7,27705.5,247495.3,695.491,46.0,KiCad
kicad_bulk_export_r19.csv,168767,100.5185,1679.0,27611.1,281279.6,614.023,46.0,KiCad
kicad_bulk_export_r2.csv,171181,70.4197,2430.9,27150.5,394805.7,426.836,29.0,KiCad
kicad_bulk_export_r20.csv,172246,102.7631,1676.1,28166.0,280665.0,615.201,50.0,KiCad
kicad_bulk_export_r3.csv,169249,68.5939,2467.4,27174.7,405676.0,418.246,27.0,KiCad
kicad_bulk_export_r4.csv,167798,76.1965,2202.2,26956.3,362263.3,468.491,33.0,KiCad
kicad_bulk_export_r5.csv,168324,69.306,2428.7,27033.8,399425.2,425.585,27.0,KiCad
kicad_bulk_export_r6.csv,169512,72.4878,2338.5,27219.7,384519.1,441.546,31.0,KiCad
kicad_bulk_export_r7.csv,170317,71.0095,2398.5,27345.7,394342.0,429.514,28.0,KiCad
kicad_bulk_export_r8.csv,172723,76.122,2269.0,27721.5,372912.4,454.385,29.0,KiCad
kicad_bulk_export_r9.csv,169991,70.081,2425.6,27623.6,403626.4,424.807,28.0,KiCad
kicad_normal_r1.csv,437682,162.8624,2687.4,72693.7,457062.9,400.667,25.0,KiCad
kicad_normal_r10.csv,436959,150.9514,2894.7,74709.9,506805.2,354.926,25.0,KiCad
kicad_normal_r11.csv,440114,145.1381,3032.4,75220.8,530708.8,338.712,23.0,KiCad
kicad_normal_r12.csv,439896,146.5196,3002.3,75176.8,525397.4,341.908,23.0,KiCad
kicad_normal_r13.csv,439705,145.6845,3018.2,75151.2,528229.7,340.134,23.0,KiCad
kicad_normal_r14.csv,438398,148.8691,2944.9,74947.3,515526.9,348.665,24.0,KiCad
kicad_normal_r15.csv,438151,143.523,3052.8,74899.7,534390.0,336.554,23.0,KiCad
kicad_normal_r16.csv,438113,219.9584,1991.8,74922.1,348794.5,514.811,37.0,KiCad
kicad_normal_r17.csv,438690,221.7014,1978.7,75015.1,346481.5,518.564,39.0,KiCad
kicad_normal_r18.csv,437909,226.0256,1937.4,74881.9,339249.3,528.802,37.0,KiCad
kicad_normal_r19.csv,436013,255.8595,1704.1,74603.8,298579.3,601.554,45.0,KiCad
kicad_normal_r2.csv,435332,144.2774,3017.3,72329.5,513354.2,340.508,24.0,KiCad
kicad_normal_r20.csv,437574,236.7041,1848.6,74831.8,323727.9,554.119,39.0,KiCad
kicad_normal_r3.csv,436271,147.3794,2960.2,73329.1,509494.7,347.156,24.0,KiCad
kicad_normal_r4.csv,435948,143.8748,3030.1,73256.6,521389.3,339.014,24.0,KiCad
kicad_normal_r5.csv,438020,148.5684,2948.3,73608.8,507344.4,349.571,25.0,KiCad
kicad_normal_r6.csv,438271,146.6844,2987.9,73637.1,514058.9,343.882,24.0,KiCad
kicad_normal_r7.csv,440543,143.5774,3068.3,73993.1,527721.6,334.986,24.0,KiCad
kicad_normal_r8.csv,439315,145.3951,3021.5,73797.9,519750.0,339.906,24.0,KiCad
kicad_normal_r9.csv,439009,155.8877,2816.2,73763.6,484540.7,364.863,26.0,KiCad
kicad_project_scan_r1.csv,146079,60.328,2421.4,23198.0,393759.1,420.399,23.0,KiCad
kicad_project_scan_r10.csv,145340,59.3199,2450.1,23797.1,410793.1,414.599,22.0,KiCad
kicad_project_scan_r11.csv,146303,60.452,2420.2,23938.9,405502.2,419.823,23.0,KiCad
kicad_project_scan_r12.csv,143971,59.546,2417.8,23571.4,405353.1,420.084,22.0,KiCad
kicad_project_scan_r13.csv,143713,59.5752,2412.3,23524.4,404346.3,420.988,22.0,KiCad
kicad_project_scan_r14.csv,144799,59.0586,2451.8,23701.9,410961.1,414.463,23.0,KiCad
kicad_project_scan_r15.csv,144930,70.44,2057.5,23728.2,344941.0,493.594,27.0,KiCad
kicad_project_scan_r16.csv,144727,98.9159,1463.1,23700.2,245349.7,693.343,37.0,KiCad
kicad_project_scan_r17.csv,144501,88.4447,1633.8,23670.8,274057.3,622.263,39.0,KiCad
kicad_project_scan_r18.csv,144474,102.2448,1413.0,23670.4,237063.2,719.656,45.0,KiCad
kicad_project_scan_r19.csv,144501,81.1439,1780.8,23659.9,298577.5,569.612,30.0,KiCad
kicad_project_scan_r2.csv,146033,62.7882,2325.8,23294.7,379907.9,437.356,25.0,KiCad
kicad_project_scan_r20.csv,145213,62.4093,2326.8,23771.7,390042.5,436.631,24.0,KiCad
kicad_project_scan_r3.csv,146843,59.2695,2477.5,23598.7,407715.5,410.135,22.0,KiCad
kicad_project_scan_r4.csv,145150,59.0132,2459.6,23333.6,404885.9,412.832,22.0,KiCad
kicad_project_scan_r5.csv,144561,58.5834,2467.6,23238.0,406185.3,411.594,22.0,KiCad
kicad_project_scan_r6.csv,145083,59.1254,2453.8,23322.2,403920.7,413.85,22.0,KiCad
kicad_project_scan_r7.csv,144478,59.4113,2431.8,23229.5,400377.6,417.581,23.0,KiCad
kicad_project_scan_r8.csv,145735,60.9028,2392.9,23427.5,393903.0,424.515,23.0,KiCad
kicad_project_scan_r9.csv,144342,62.8924,2295.1,23487.0,382409.9,442.648,24.0,KiCad
kicad_source_copy_r1.csv,149677,66.0847,2264.9,23787.6,368595.4,452.997,29.0,KiCad
kicad_source_copy_r10.csv,148344,61.6468,2406.4,24300.9,403656.7,426.119,24.0,KiCad
kicad_source_copy_r11.csv,149144,61.0959,2441.1,24424.9,409374.0,420.174,24.0,KiCad
kicad_source_copy_r12.csv,149834,60.9048,2460.1,24532.9,412474.6,416.625,23.0,KiCad
kicad_source_copy_r13.csv,149545,61.1212,2446.7,24485.3,410217.0,418.783,23.0,KiCad
kicad_source_copy_r14.csv,150601,62.8789,2395.1,24657.7,401557.7,428.049,23.0,KiCad
kicad_source_copy_r15.csv,150077,65.1053,2305.1,24578.1,386573.4,445.343,30.0,KiCad
kicad_source_copy_r16.csv,150267,94.4689,1590.7,24621.5,266886.0,644.57,37.0,KiCad
kicad_source_copy_r17.csv,150443,98.5029,1527.3,24649.4,256245.8,670.424,43.0,KiCad
kicad_source_copy_r18.csv,149052,95.3726,1562.8,24416.8,262159.4,653.491,34.0,KiCad
kicad_source_copy_r19.csv,150008,87.1555,1721.2,24570.3,288679.5,594.629,35.0,KiCad
kicad_source_copy_r2.csv,150145,69.0314,2175.0,23862.3,353968.5,472.9,28.0,KiCad
kicad_source_copy_r20.csv,151267,70.1964,2154.9,24792.5,361664.8,483.2,47.0,KiCad
kicad_source_copy_r3.csv,152324,61.811,2464.4,24490.9,405731.7,416.791,24.0,KiCad
kicad_source_copy_r4.csv,149398,62.0372,2408.2,24025.6,396572.2,425.758,26.0,KiCad
kicad_source_copy_r5.csv,150427,60.2956,2494.8,24184.3,410720.9,411.15,23.0,KiCad
kicad_source_copy_r6.csv,150840,60.6418,2487.4,24251.2,409506.0,412.831,23.0,KiCad
kicad_source_copy_r7.csv,148685,59.5539,2496.6,23917.6,411250.3,410.64,23.0,KiCad
kicad_source_copy_r8.csv,150412,63.726,2360.3,24192.5,388744.1,434.446,26.0,KiCad
kicad_source_copy_r9.csv,150048,61.7033,2431.8,24429.2,405415.8,421.907,25.0,KiCad
